{
  "bandwidth": 1192.169398504,
  "time-bandwidth": 2.0278801468553036,
  "@duration_us": 1701.0
}